{
  "global_train_mean": 3.42520152805805,
  "splits": {
    "val": {
      "n": 2965,
      "rmse": 0.2928862864415854,
      "r2": 0.5176766408306339,
      "mae": 0.21168233515925824
    },
    "test": {
      "n": 1132,
      "rmse": 0.272413458524749,
      "r2": 0.5639508610352733,
      "mae": 0.19594773245522223
    }
  }
}