{
  "alpha": 0.001,
  "l1_ratio": 0.2,
  "n_features": 111,
  "splits": {
    "train": {
      "n": 70390,
      "rmse": 0.28250683036958507,
      "r2": 0.6283942754428109,
      "mae": 0.20991098004630374
    },
    "val": {
      "n": 2965,
      "rmse": 0.2675229381126174,
      "r2": 0.5975960163826161,
      "mae": 0.19711147944188617
    },
    "test": {
      "n": 1132,
      "rmse": 0.2545422236183627,
      "r2": 0.6192867598478629,
      "mae": 0.19135865495057558
    }
  }
}