{
  "slices": [
    {
      "regime": "warm",
      "n": 891,
      "rmse": 0.219,
      "bias": -0.0205
    },
    {
      "regime": "cold_pair",
      "n": 181,
      "rmse": 0.2752,
      "bias": 0.0047
    },
    {
      "regime": "cold_both",
      "n": 60,
      "rmse": 0.3067,
      "bias": -0.035
    },
    {
      "regime": "overall",
      "n": 1132,
      "rmse": 0.23423421339802955,
      "bias": -0.017197101325145608
    }
  ]
}