{
  "params": {
    "objective": "reg:squarederror",
    "eval_metric": "rmse",
    "learning_rate": 0.05,
    "max_depth": 6,
    "min_child_weight": 5,
    "subsample": 0.8,
    "colsample_bytree": 0.8,
    "reg_alpha": 0.1,
    "reg_lambda": 1.0,
    "tree_method": "hist"
  },
  "splits": {
    "train": {
      "n": 70390,
      "rmse": 0.28632176739365967,
      "r2": 0.6182902766403289,
      "mae": 0.21726770571013881
    },
    "val": {
      "n": 2965,
      "rmse": 0.29856617208324177,
      "r2": 0.49878804588421244,
      "mae": 0.22193000307681926
    },
    "test": {
      "n": 1132,
      "rmse": 0.29278708138263965,
      "r2": 0.49628818907124495,
      "mae": 0.22066068731945768
    }
  },
  "ablation": {
    "no_rmp": false,
    "no_history": true
  }
}