{
  "Heuristic": {
    "rmse": 0.272413458524749,
    "mae": 0.19594773245522223,
    "r2": 0.5639508610352733,
    "calibration_slope": 0.8599009519245435
  },
  "ElasticNet": {
    "rmse": 0.2545422236183627,
    "mae": 0.19135865495057558,
    "r2": 0.6192867598478629,
    "calibration_slope": 0.9881126913387481
  },
  "XGBoost": {
    "rmse": 0.23423421339802955,
    "mae": 0.17373825817943322,
    "r2": 0.6776119210510062,
    "calibration_slope": 1.034396916687784
  }
}